{
 "lhs":[
  "{21}",
  "{22}",
  "{23}",
  "{24}",
  "{25}",
  "{26}",
  "{27}",
  "{28}",
  "{29}",
  "{30}",
  "{31}",
  "{32}",
  "{33}",
  "{34}",
  "{35}",
  "{36}",
  "{37}",
  "{38}",
  "{39}",
  "{40}"
 ],
 "":[
  "=>",
  "=>",
  "=>",
  "=>",
  "=>",
  "=>",
  "=>",
  "=>",
  "=>",
  "=>",
  "=>",
  "=>",
  "=>",
  "=>",
  "=>",
  "=>",
  "=>",
  "=>",
  "=>",
  "=>"
 ],
 "rhs":[
  "{Nachos}",
  "{Nachos}",
  "{Nachos}",
  "{Nachos}",
  "{Nachos}",
  "{Nachos}",
  "{Nachos}",
  "{Nachos}",
  "{Nachos}",
  "{Nachos}",
  "{Nachos}",
  "{Nachos}",
  "{Stuffed Auberginea}",
  "{Stuffed Auberginea}",
  "{Stuffed Auberginea}",
  "{Stuffed Auberginea}",
  "{Stuffed Auberginea}",
  "{Stuffed Auberginea}",
  "{Stuffed Auberginea}",
  "{Stuffed Auberginea}"
 ],
 "support":[
  0.0238095238095238,
  0.0238095238095238,
  0.0238095238095238,
  0.0238095238095238,
  0.0238095238095238,
  0.0238095238095238,
  0.0238095238095238,
  0.0238095238095238,
  0.0238095238095238,
  0.0238095238095238,
  0.0238095238095238,
  0.0238095238095238,
  0.0238095238095238,
  0.0238095238095238,
  0.0238095238095238,
  0.0238095238095238,
  0.0238095238095238,
  0.0238095238095238,
  0.0238095238095238,
  0.0238095238095238
 ],
 "confidence":[
  1,
  1,
  1,
  1,
  1,
  1,
  1,
  1,
  1,
  1,
  1,
  1,
  1,
  1,
  1,
  1,
  1,
  1,
  1,
  1
 ],
 "lift":[
  3.23076923076923,
  3.23076923076923,
  3.23076923076923,
  3.23076923076923,
  3.23076923076923,
  3.23076923076923,
  3.23076923076923,
  3.23076923076923,
  3.23076923076923,
  3.23076923076923,
  3.23076923076923,
  3.23076923076923,
  2.1,
  2.1,
  2.1,
  2.1,
  2.1,
  2.1,
  2.1,
  2.1
 ],
 "count":[
  1,
  1,
  1,
  1,
  1,
  1,
  1,
  1,
  1,
  1,
  1,
  1,
  1,
  1,
  1,
  1,
  1,
  1,
  1,
  1
 ]
}
