{
 "lhs":[
  "{176019}",
  "{258189}",
  "{258191}",
  "{229020,229084}",
  "{228923,71876}",
  "{258187}",
  "{71816}",
  "{258184}",
  "{228923,71904}",
  "{229048,229084}",
  "{229020}",
  "{71876}",
  "{548,563}",
  "{555}",
  "{564}",
  "{548,555}",
  "{228923}",
  "{257950}",
  "{230442}",
  "{258174}"
 ],
 "":[
  "=>",
  "=>",
  "=>",
  "=>",
  "=>",
  "=>",
  "=>",
  "=>",
  "=>",
  "=>",
  "=>",
  "=>",
  "=>",
  "=>",
  "=>",
  "=>",
  "=>",
  "=>",
  "=>",
  "=>"
 ],
 "rhs":[
  "{175897}",
  "{258174}",
  "{258174}",
  "{229048}",
  "{71904}",
  "{258174}",
  "{71876}",
  "{258174}",
  "{71876}",
  "{229020}",
  "{229048}",
  "{71904}",
  "{555}",
  "{563}",
  "{563}",
  "{563}",
  "{71904}",
  "{257963}",
  "{230428}",
  "{258189}"
 ],
 "support":[
  0.00116458604499202,
  0.00321973788909558,
  0.00110135060363498,
  0.00120410819584016,
  0.00131213540815843,
  0.00136219679923274,
  0.0010591936427303,
  0.00120937781595325,
  0.00131213540815843,
  0.00120410819584016,
  0.00335938282209236,
  0.00314332839745583,
  0.00119356895561399,
  0.00355172395622,
  0.00124363034668831,
  0.00119356895561399,
  0.00207359551449936,
  0.00101440187176906,
  0.0018496366596932,
  0.00321973788909558
 ],
 "confidence":[
  0.817005545286506,
  0.771464646464647,
  0.758620689655172,
  0.701996927803379,
  0.701408450704225,
  0.690253671562083,
  0.67,
  0.641958041958042,
  0.632782719186785,
  0.63121546961326,
  0.609173435260392,
  0.59919638372677,
  0.59526938239159,
  0.590968873301184,
  0.588528678304239,
  0.583762886597938,
  0.582962962962963,
  0.577211394302849,
  0.568421052631579,
  0.566265060240964
 ],
 "lift":[
  59.3798128350764,
  135.679825362054,
  133.420919753284,
  102.042015318624,
  123.645311160974,
  121.397005089269,
  127.718623807132,
  112.903106346851,
  120.624086661897,
  114.461410436789,
  88.5492265714736,
  105.627217975549,
  99.0464575960586,
  87.103992372618,
  86.7443275306878,
  86.0418886998299,
  102.765566737197,
  255.327912966594,
  107.75979809664,
  135.679825362054
 ],
 "count":[
  442,
  1222,
  418,
  457,
  498,
  517,
  402,
  459,
  498,
  457,
  1275,
  1193,
  453,
  1348,
  472,
  453,
  787,
  385,
  702,
  1222
 ]
}
