{"lhs":["{21}","{22}","{23}","{24}","{25}","{26}","{27}","{28}","{29}","{30}"],"":["=>","=>","=>","=>","=>","=>","=>","=>","=>","=>"],"rhs":["{Nachos}","{Nachos}","{Nachos}","{Nachos}","{Nachos}","{Nachos}","{Nachos}","{Nachos}","{Nachos}","{Nachos}"],"support":[0.0238095238095238,0.0238095238095238,0.0238095238095238,0.0238095238095238,0.0238095238095238,0.0238095238095238,0.0238095238095238,0.0238095238095238,0.0238095238095238,0.0238095238095238],"confidence":[1,1,1,1,1,1,1,1,1,1],"lift":[3.23076923076923,3.23076923076923,3.23076923076923,3.23076923076923,3.23076923076923,3.23076923076923,3.23076923076923,3.23076923076923,3.23076923076923,3.23076923076923],"count":[1,1,1,1,1,1,1,1,1,1]}
